trial,strategy,ops_retained,auto_coverage,info_retention,tau_causal,tau_contested,semantic_validity,gini,time_ms,repair_swaps
0,lww,1.0,1.0,1.0,0,0.0,1.0,0.0,0.02429999949526973,
0,vc,1.0,1.0,0.575,0,17.0,1.0,0.7426470588235294,0.058200000239594374,
0,crdt_pure,1.0,1.0,1.0,0,0.0,1.0,0.0,0.014700000065204222,
0,crdt_lww,1.0,1.0,1.0,0,0.0,1.0,0.0,0.014100000043981709,
0,leader,0.5,1.0,1.0,0,0.0,1.0,0.0,0.009200000022246968,
0,ranked_pairs,1.0,1.0,1.0,0,0.0,1.0,0.0,0.32530000044062035,
0,rp_unconstrained,1.0,1.0,1.0,0,0.0,1.0,0.0,0.0,5.0
1,lww,1.0,1.0,1.0,0,0.0,0.42857142857142855,0.0,0.019299999621580355,
1,vc,1.0,0.75,0.5769230769230769,0,11.0,0.42857142857142855,0.6477272727272727,0.039200000173877925,
1,crdt_pure,1.0,0.75,1.0,0,0.0,0.42857142857142855,0.0,0.022700000045006163,
1,crdt_lww,1.0,1.0,1.0,0,0.0,0.42857142857142855,0.0,0.014500000361294951,
1,leader,0.5833333333333334,1.0,1.0,0,0.0,0.5,0.0,0.00869999985297909,
1,ranked_pairs,1.0,1.0,1.0,0,0.0,0.42857142857142855,0.0,0.3845999999612104,
0,rp_unconstrained,1.0,1.0,1.0,0,0.0,0.42857142857142855,0.0,0.0,5.0
2,lww,1.0,1.0,1.0,0,0.0,0.75,0.0,0.01720000000204891,
2,vc,1.0,0.9166666666666666,0.5945945945945945,0,15.0,0.75,0.6416666666666667,0.036299999919719994,
2,crdt_pure,1.0,0.9166666666666666,1.0,0,0.0,0.75,0.0,0.01739999970595818,
2,crdt_lww,1.0,1.0,1.0,0,0.0,0.75,0.0,0.01500000053056283,
2,leader,0.5833333333333334,1.0,1.0,0,0.0,0.6666666666666666,0.0,0.008600000001024455,
2,ranked_pairs,1.0,1.0,1.0,0,0.0,0.75,0.0,0.299299999824143,
0,rp_unconstrained,1.0,1.0,1.0,0,0.0,0.75,0.0,0.0,5.0
3,lww,1.0,1.0,1.0,0,0.0,1.0,0.0,0.0335000004270114,
3,vc,1.0,1.0,0.6571428571428571,0,12.0,1.0,0.7291666666666666,0.033400000575056765,
3,crdt_pure,1.0,1.0,1.0,0,0.0,1.0,0.0,0.014000000192027073,
3,crdt_lww,1.0,1.0,1.0,0,0.0,1.0,0.0,0.014199999895936344,
3,leader,0.6666666666666666,1.0,1.0,0,0.0,1.0,0.0,0.0073999999585794285,
3,ranked_pairs,1.0,1.0,1.0,0,0.0,1.0,0.0,0.3446000000622007,
0,rp_unconstrained,1.0,1.0,1.0,0,0.0,1.0,0.0,0.0,1.0
4,lww,1.0,1.0,1.0,0,0.0,1.0,0.0,0.01869999960035784,
4,vc,1.0,0.9583333333333334,0.5666666666666667,0,13.0,1.0,0.5096153846153846,0.047500000619038474,
4,crdt_pure,1.0,0.9583333333333334,1.0,0,0.0,1.0,0.0,0.02080000012938399,
4,crdt_lww,1.0,1.0,1.0,0,0.0,1.0,0.0,0.01849999989644857,
4,leader,0.625,1.0,1.0,0,0.0,1.0,0.0,0.009699999282020144,
4,ranked_pairs,1.0,1.0,1.0,0,0.0,1.0,0.0,0.31350000062957406,
0,rp_unconstrained,1.0,1.0,1.0,0,0.0,1.0,0.0,0.0,5.0
5,lww,1.0,1.0,1.0,0,0.0,0.6666666666666666,0.0,0.021300000298651867,
5,vc,1.0,0.8333333333333334,0.7428571428571429,0,9.0,0.6666666666666666,0.7083333333333334,0.03839999953925144,
5,crdt_pure,1.0,0.8333333333333334,1.0,0,0.0,0.6666666666666666,0.0,0.022199999875738285,
5,crdt_lww,1.0,1.0,1.0,0,0.0,0.6666666666666666,0.0,0.015499999790336005,
5,leader,0.6666666666666666,1.0,1.0,0,0.0,0.75,0.0,0.0625000002401066,
5,ranked_pairs,1.0,1.0,1.0,0,0.0,0.6666666666666666,0.0,0.3054999997402774,
0,rp_unconstrained,1.0,1.0,1.0,0,0.0,0.6666666666666666,0.0,0.0,3.0
6,lww,1.0,1.0,0.9743589743589743,0,1.0,0.6666666666666666,0.875,0.01700000029813964,
6,vc,1.0,0.875,0.5897435897435898,0,16.0,0.6666666666666666,0.765625,0.07220000043162145,
6,crdt_pure,1.0,0.875,0.9743589743589743,0,1.0,0.6666666666666666,0.875,0.04179999996267725,
6,crdt_lww,1.0,1.0,0.9743589743589743,0,1.0,0.6666666666666666,0.875,0.013199999557400588,
6,leader,0.5833333333333334,1.0,1.0,0,0.0,0.6666666666666666,0.0,0.018000000636675395,
6,ranked_pairs,1.0,1.0,1.0,0,0.0,0.6666666666666666,0.0,0.29859999995096587,
0,rp_unconstrained,1.0,1.0,1.0,0,0.0,0.6666666666666666,0.0,0.0,5.0
7,lww,1.0,1.0,1.0,0,0.0,0.8,0.0,0.016799999684735667,
7,vc,1.0,0.9166666666666666,0.7272727272727273,0,9.0,0.8,0.7638888888888888,0.039399999877787195,
7,crdt_pure,1.0,0.9166666666666666,1.0,0,0.0,0.8,0.0,0.017500000467407517,
7,crdt_lww,1.0,1.0,1.0,0,0.0,0.8,0.0,0.012100000276404899,
7,leader,0.5416666666666666,1.0,1.0,0,0.0,1.0,0.0,0.007100000402715523,
7,ranked_pairs,1.0,1.0,1.0,0,0.0,0.8,0.0,0.28029999975842657,
0,rp_unconstrained,1.0,1.0,1.0,0,0.0,0.8,0.0,0.0,5.0
8,lww,1.0,1.0,1.0,0,0.0,1.0,0.0,0.019099999917671084,
8,vc,1.0,1.0,0.5945945945945945,0,15.0,1.0,0.7416666666666667,0.03310000010969816,
8,crdt_pure,1.0,1.0,1.0,0,0.0,1.0,0.0,0.016899999536690302,
8,crdt_lww,1.0,1.0,1.0,0,0.0,1.0,0.0,0.015499999790336005,
8,leader,0.625,1.0,1.0,0,0.0,1.0,0.0,0.009000000318337698,
8,ranked_pairs,1.0,1.0,1.0,0,0.0,1.0,0.0,0.2843000002030749,
0,rp_unconstrained,1.0,1.0,1.0,0,0.0,1.0,0.0,0.0,5.0
9,lww,1.0,1.0,1.0,0,0.0,1.0,0.0,0.017899999875226058,
9,vc,1.0,1.0,0.6896551724137931,0,9.0,1.0,0.5694444444444444,0.03329999981360743,
9,crdt_pure,1.0,1.0,1.0,0,0.0,1.0,0.0,0.014199999895936344,
9,crdt_lww,1.0,1.0,1.0,0,0.0,1.0,0.0,0.029600000743812416,
9,leader,0.6666666666666666,1.0,1.0,0,0.0,1.0,0.0,0.008999999408842996,
9,ranked_pairs,1.0,1.0,1.0,0,0.0,1.0,0.0,0.29279999944265,
0,rp_unconstrained,1.0,1.0,1.0,0,0.0,1.0,0.0,0.0,4.0
10,lww,1.0,1.0,0.9696969696969697,0,1.0,1.0,0.875,0.02299999960087007,
10,vc,1.0,1.0,0.7575757575757576,0,8.0,1.0,0.75,0.03510000078676967,
10,crdt_pure,1.0,1.0,0.9696969696969697,0,1.0,1.0,0.875,0.014199999895936344,
10,crdt_lww,1.0,1.0,0.9696969696969697,0,1.0,1.0,0.875,0.012500000593718141,
10,leader,0.5416666666666666,1.0,1.0,0,0.0,1.0,0.0,0.007599999662488699,
10,ranked_pairs,1.0,1.0,1.0,0,0.0,1.0,0.0,0.31679999938205583,
0,rp_unconstrained,1.0,1.0,1.0,0,0.0,1.0,0.0,0.0,0.0
11,lww,1.0,1.0,1.0,0,0.0,1.0,0.0,0.020200000108161476,
11,vc,1.0,0.9166666666666666,0.8709677419354839,0,4.0,1.0,0.6875,0.0850000005812035,
11,crdt_pure,1.0,0.9166666666666666,1.0,0,0.0,1.0,0.0,0.1902999993035337,
11,crdt_lww,1.0,1.0,1.0,0,0.0,1.0,0.0,0.016400000276917126,
11,leader,0.5833333333333334,1.0,1.0,0,0.0,1.0,0.0,0.007800000275892671,
11,ranked_pairs,1.0,1.0,1.0,0,0.0,1.0,0.0,0.3068000005441718,
0,rp_unconstrained,1.0,1.0,1.0,0,0.0,1.0,0.0,0.0,2.0
12,lww,1.0,1.0,1.0,0,0.0,0.8,0.0,0.017400000615452882,
12,vc,1.0,0.9166666666666666,0.5,0,14.0,0.8,0.5892857142857143,0.04040000021632295,
12,crdt_pure,1.0,0.9166666666666666,1.0,0,0.0,0.8,0.0,0.017899999875226058,
12,crdt_lww,1.0,1.0,1.0,0,0.0,0.8,0.0,0.015300000086426735,
12,leader,0.6666666666666666,1.0,1.0,0,0.0,0.8,0.0,0.008600000001024455,
12,ranked_pairs,1.0,1.0,1.0,0,0.0,0.8,0.0,0.299299999824143,
0,rp_unconstrained,1.0,1.0,1.0,0,0.0,0.8,0.0,0.0,2.0
13,lww,1.0,1.0,1.0,0,0.0,1.0,0.0,0.02719999974942766,
13,vc,1.0,1.0,0.75,0,9.0,1.0,0.7361111111111112,0.03689999994094251,
13,crdt_pure,1.0,1.0,1.0,0,0.0,1.0,0.0,0.01680000059423037,
13,crdt_lww,1.0,1.0,1.0,0,0.0,1.0,0.0,0.013900000340072438,
13,leader,0.5416666666666666,1.0,1.0,0,0.0,1.0,0.0,0.008199999683711212,
13,ranked_pairs,1.0,1.0,1.0,0,0.0,1.0,0.0,0.31039999976201216,
0,rp_unconstrained,1.0,1.0,1.0,0,0.0,1.0,0.0,0.0,3.0
14,lww,1.0,1.0,0.96875,0,1.0,0.5,0.875,0.01809999957913533,
14,vc,1.0,0.8333333333333334,0.71875,0,9.0,0.5,0.7916666666666666,0.04510000053414842,
14,crdt_pure,1.0,0.8333333333333334,0.96875,0,1.0,0.5,0.875,0.017299999854003545,
14,crdt_lww,1.0,1.0,0.96875,0,1.0,0.5,0.875,0.013500000022759195,
14,leader,0.6666666666666666,1.0,0.96875,0,1.0,1.0,0.875,0.008199999683711212,
14,ranked_pairs,1.0,1.0,1.0,0,0.0,0.5,0.0,0.33199999961652793,
0,rp_unconstrained,1.0,1.0,1.0,0,0.0,0.5,0.0,0.0,1.0
15,lww,1.0,1.0,0.96875,0,1.0,1.0,0.875,0.020900000890833326,
15,vc,1.0,1.0,0.59375,0,13.0,1.0,0.5673076923076923,0.05250000049272785,
15,crdt_pure,1.0,1.0,0.96875,0,1.0,1.0,0.875,0.017499999557912815,
15,crdt_lww,1.0,1.0,0.96875,0,1.0,1.0,0.875,0.018599999748403206,
15,leader,0.5,1.0,0.96875,0,1.0,1.0,0.875,0.008099999831756577,
15,ranked_pairs,1.0,1.0,1.0,0,0.0,1.0,0.0,0.29579999954876257,
0,rp_unconstrained,1.0,1.0,1.0,0,0.0,1.0,0.0,0.0,5.0
16,lww,1.0,1.0,1.0,0,0.0,1.0,0.0,0.018599999748403206,
16,vc,1.0,0.9166666666666666,0.7857142857142857,0,6.0,0.6666666666666666,0.5833333333333334,0.033799999982875306,
16,crdt_pure,1.0,0.9166666666666666,1.0,0,0.0,1.0,0.0,0.014100000043981709,
16,crdt_lww,1.0,1.0,1.0,0,0.0,1.0,0.0,0.012999999853491317,
16,leader,0.5416666666666666,1.0,1.0,0,0.0,1.0,0.0,0.023499999770137947,
16,ranked_pairs,1.0,1.0,1.0,0,0.0,1.0,0.0,0.3139000000373926,
0,rp_unconstrained,1.0,1.0,1.0,0,0.0,1.0,0.0,0.0,4.0
17,lww,1.0,1.0,0.967741935483871,0,1.0,0.75,0.875,0.04890000036539277,
17,vc,1.0,0.9166666666666666,0.6774193548387097,0,10.0,0.75,0.625,0.053499999921768904,
17,crdt_pure,1.0,0.9166666666666666,0.967741935483871,0,1.0,0.75,0.875,0.019799999790848233,
17,crdt_lww,1.0,1.0,0.967741935483871,0,1.0,0.75,0.875,0.019899999642802868,
17,leader,0.6666666666666666,1.0,0.967741935483871,0,1.0,1.0,0.875,0.013899999430577736,
17,ranked_pairs,1.0,1.0,1.0,0,0.0,0.75,0.0,0.34529999993537785,
0,rp_unconstrained,1.0,1.0,1.0,0,0.0,0.75,0.0,0.0,4.0
18,lww,1.0,1.0,1.0,0,0.0,1.0,0.0,0.02029999996011611,
18,vc,1.0,1.0,0.6333333333333333,0,11.0,1.0,0.7159090909090909,0.03279999964433955,
18,crdt_pure,1.0,1.0,1.0,0,0.0,1.0,0.0,0.015499999790336005,
18,crdt_lww,1.0,1.0,1.0,0,0.0,1.0,0.0,0.014799999917158857,
18,leader,0.5416666666666666,1.0,1.0,0,0.0,1.0,0.0,0.00869999985297909,
18,ranked_pairs,1.0,1.0,1.0,0,0.0,1.0,0.0,0.28959999963262817,
0,rp_unconstrained,1.0,1.0,1.0,0,0.0,1.0,0.0,0.0,3.0
19,lww,1.0,1.0,1.0,0,0.0,0.6666666666666666,0.0,0.019799999790848233,
19,vc,1.0,0.75,0.6764705882352942,0,11.0,0.5555555555555556,0.6704545454545454,0.04239999998389976,
19,crdt_pure,1.0,0.75,1.0,0,0.0,0.6666666666666666,0.0,0.025499999537714757,
19,crdt_lww,1.0,1.0,1.0,0,0.0,0.6666666666666666,0.0,0.01579999934619991,
19,leader,0.7083333333333334,1.0,1.0,0,0.0,0.5,0.0,0.009499999578110874,
19,ranked_pairs,1.0,1.0,1.0,0,0.0,0.6666666666666666,0.0,0.3349999997226405,
0,rp_unconstrained,1.0,1.0,1.0,0,0.0,0.6666666666666666,0.0,0.0,7.0
20,lww,1.0,1.0,0.9696969696969697,0,1.0,0.8333333333333334,0.875,0.028499999643827323,
20,vc,1.0,0.9166666666666666,0.6666666666666667,0,11.0,0.8333333333333334,0.32954545454545453,0.04929999977321131,
20,crdt_pure,1.0,0.9166666666666666,0.9696969696969697,0,1.0,0.8333333333333334,0.875,0.021100000594742596,
20,crdt_lww,1.0,1.0,0.9696969696969697,0,1.0,0.8333333333333334,0.875,0.012600000445672777,
20,leader,0.7083333333333334,1.0,0.9696969696969697,0,1.0,1.0,0.875,0.008299999535665847,
20,ranked_pairs,1.0,1.0,1.0,0,0.0,0.8333333333333334,0.0,0.2828999995472259,
0,rp_unconstrained,1.0,1.0,1.0,0,0.0,0.8333333333333334,0.0,0.0,6.0
21,lww,1.0,1.0,1.0,0,0.0,1.0,0.0,0.01720000000204891,
21,vc,1.0,0.875,0.8214285714285714,0,5.0,0.6666666666666666,0.875,0.050800000281014945,
21,crdt_pure,1.0,0.875,1.0,0,0.0,1.0,0.0,0.019400000383029692,
21,crdt_lww,1.0,1.0,1.0,0,0.0,1.0,0.0,0.014600000213249587,
21,leader,0.5833333333333334,1.0,1.0,0,0.0,1.0,0.0,0.008100000741251279,
21,ranked_pairs,1.0,1.0,1.0,0,0.0,1.0,0.0,0.26760000037029386,
0,rp_unconstrained,1.0,1.0,1.0,0,0.0,1.0,0.0,0.0,6.0
22,lww,1.0,1.0,1.0,0,0.0,0.8,0.0,0.01669999983278103,
22,vc,1.0,0.8333333333333334,0.7096774193548387,0,9.0,0.8,0.5972222222222222,0.0320999997711624,
22,crdt_pure,1.0,0.8333333333333334,1.0,0,0.0,0.8,0.0,0.017299999854003545,
22,crdt_lww,1.0,1.0,1.0,0,0.0,0.8,0.0,0.014999999621068127,
22,leader,0.625,1.0,1.0,0,0.0,1.0,0.0,0.008799999704933725,
22,ranked_pairs,1.0,1.0,1.0,0,0.0,0.8,0.0,0.4362999998193118,
0,rp_unconstrained,1.0,1.0,1.0,0,0.0,0.8,0.0,0.0,1.0
23,lww,1.0,1.0,0.9705882352941176,0,1.0,0.6666666666666666,0.875,0.020400000721565448,
23,vc,1.0,0.7916666666666666,0.6176470588235294,0,13.0,0.6666666666666666,0.6442307692307693,0.050099999498343095,
23,crdt_pure,1.0,0.7916666666666666,0.9705882352941176,0,1.0,0.6666666666666666,0.875,0.019999999494757503,
23,crdt_lww,1.0,1.0,0.9705882352941176,0,1.0,0.6666666666666666,0.875,0.013500000022759195,
23,leader,0.5833333333333334,1.0,0.9705882352941176,0,1.0,0.75,0.875,0.00850000014906982,
23,ranked_pairs,1.0,1.0,1.0,0,0.0,0.8333333333333334,0.0,0.3341000001455541,
0,rp_unconstrained,1.0,1.0,1.0,0,0.0,0.8333333333333334,0.0,0.0,6.0
24,lww,1.0,1.0,1.0,0,0.0,0.4,0.0,0.02479999966453761,
24,vc,1.0,0.8333333333333334,0.71875,0,9.0,0.4,0.6805555555555556,0.06230000053619733,
24,crdt_pure,1.0,0.8333333333333334,1.0,0,0.0,0.4,0.0,0.01849999989644857,
24,crdt_lww,1.0,1.0,1.0,0,0.0,0.4,0.0,0.019099999917671084,
24,leader,0.5416666666666666,1.0,1.0,0,0.0,0.6666666666666666,0.0,0.009800000043469481,
24,ranked_pairs,1.0,1.0,1.0,0,0.0,0.4,0.0,0.2979000000777887,
0,rp_unconstrained,1.0,1.0,1.0,0,0.0,0.4,0.0,0.0,4.0
25,lww,1.0,1.0,0.9666666666666667,0,1.0,0.6,0.875,0.02029999996011611,
25,vc,1.0,0.8333333333333334,0.7666666666666666,0,7.0,0.6,0.5535714285714286,0.053899999329587445,
25,crdt_pure,1.0,0.8333333333333334,0.9666666666666667,0,1.0,0.6,0.875,0.020700000277429353,
25,crdt_lww,1.0,1.0,0.9666666666666667,0,1.0,0.6,0.875,0.013099999705445953,
25,leader,0.625,1.0,1.0,0,0.0,1.0,0.0,0.011099999937869143,
25,ranked_pairs,1.0,1.0,1.0,0,0.0,0.6,0.0,0.3026000003956142,
0,rp_unconstrained,1.0,1.0,1.0,0,0.0,0.6,0.0,0.0,2.0
26,lww,1.0,1.0,1.0,0,0.0,0.75,0.0,0.017299999854003545,
26,vc,1.0,0.9166666666666666,0.7096774193548387,0,9.0,0.75,0.8472222222222222,0.035400000342633575,
26,crdt_pure,1.0,0.9166666666666666,1.0,0,0.0,0.75,0.0,0.01809999957913533,
26,crdt_lww,1.0,1.0,1.0,0,0.0,0.75,0.0,0.014399999599845614,
26,leader,0.6666666666666666,1.0,1.0,0,0.0,0.75,0.0,0.007099999493220821,
26,ranked_pairs,1.0,1.0,1.0,0,0.0,0.75,0.0,0.26220000017929124,
0,rp_unconstrained,1.0,1.0,1.0,0,0.0,0.75,0.0,0.0,2.0
27,lww,1.0,1.0,1.0,0,0.0,1.0,0.0,0.01650000012887176,
27,vc,1.0,0.9583333333333334,0.71875,0,9.0,1.0,0.6527777777777778,0.031099999432626646,
27,crdt_pure,1.0,0.9583333333333334,1.0,0,0.0,1.0,0.0,0.015499999790336005,
27,crdt_lww,1.0,1.0,1.0,0,0.0,1.0,0.0,0.012100000276404899,
27,leader,0.5,1.0,1.0,0,0.0,1.0,0.0,0.006999999641266186,
27,ranked_pairs,1.0,1.0,1.0,0,0.0,1.0,0.0,0.2965000003314344,
0,rp_unconstrained,1.0,1.0,1.0,0,0.0,1.0,0.0,0.0,3.0
28,lww,1.0,1.0,0.9333333333333333,0,2.0,0.8333333333333334,0.75,0.01990000055229757,
28,vc,1.0,0.875,0.7333333333333334,0,8.0,0.6666666666666666,0.6875,0.04270000044925837,
28,crdt_pure,1.0,0.875,0.9333333333333333,0,2.0,0.8333333333333334,0.75,0.019099999917671084,
28,crdt_lww,1.0,1.0,0.9333333333333333,0,2.0,0.8333333333333334,0.75,0.012500000593718141,
28,leader,0.75,1.0,1.0,0,0.0,0.8,0.0,0.008400000297115184,
28,ranked_pairs,1.0,1.0,1.0,0,0.0,0.8333333333333334,0.0,0.30590000005759066,
0,rp_unconstrained,1.0,1.0,1.0,0,0.0,0.8333333333333334,0.0,0.0,1.0
29,lww,1.0,1.0,1.0,0,0.0,0.75,0.0,0.023699999474047218,
29,vc,1.0,0.9166666666666666,0.7931034482758621,0,6.0,0.75,0.875,0.04340000032243552,
29,crdt_pure,1.0,0.9166666666666666,1.0,0,0.0,0.75,0.0,0.024000000848900527,
29,crdt_lww,1.0,1.0,1.0,0,0.0,0.75,0.0,0.022399999579647556,
29,leader,0.625,1.0,1.0,0,0.0,0.6666666666666666,0.0,0.010900000233959872,
29,ranked_pairs,1.0,1.0,1.0,0,0.0,0.75,0.0,0.3108000000793254,
0,rp_unconstrained,1.0,1.0,1.0,0,0.0,0.75,0.0,0.0,2.0
