conflict,trial,strategy,tau_causal,tau_contested,info_retention,repair_swaps
low,0,lww,34,480,0.7901184156798693,
low,0,vc,0,415,0.8305430788076766,
low,0,crdt_pure,0,429,0.8248264597795019,
low,0,crdt_lww,34,480,0.7901184156798693,
low,0,leader,0,378,0.8456512862392813,
low,0,ranked_pairs,0,319,0.8697427521437322,
low,0,rp_unconstrained,0,319,0.8697427521437322,0.0
low,1,lww,131,997,0.5093518921270117,
low,1,vc,0,523,0.7725097868638539,
low,1,crdt_pure,0,471,0.7951283166594172,
low,1,crdt_lww,131,997,0.5093518921270117,
low,1,leader,0,283,0.8769030013049152,
low,1,ranked_pairs,0,405,0.823836450630709,
low,1,rp_unconstrained,0,405,0.823836450630709,0.0
low,2,lww,54,663,0.6765899864682003,
low,2,vc,0,679,0.6937302661253947,
low,2,crdt_pure,0,513,0.7686062246278755,
low,2,crdt_lww,54,663,0.6765899864682003,
low,2,leader,0,181,0.9183581416328371,
low,2,ranked_pairs,0,409,0.8155164636896708,
low,2,rp_unconstrained,0,409,0.8155164636896708,0.0
low,3,lww,16,387,0.8057831325301205,
low,3,vc,0,482,0.767710843373494,
low,3,crdt_pure,0,346,0.8332530120481928,
low,3,crdt_lww,16,387,0.8057831325301205,
low,3,leader,31,391,0.7966265060240963,
low,3,ranked_pairs,0,317,0.8472289156626506,
low,3,rp_unconstrained,0,317,0.8472289156626506,0.0
low,4,lww,8,459,0.7986200948684778,
low,4,vc,0,594,0.7438551099611901,
low,4,crdt_pure,0,432,0.8137128072445019,
low,4,crdt_lww,8,459,0.7986200948684778,
low,4,leader,0,189,0.9184993531694696,
low,4,ranked_pairs,0,353,0.8477792151789565,
low,4,rp_unconstrained,0,353,0.8477792151789565,0.0
low,5,lww,61,491,0.7602085143353605,
low,5,vc,0,600,0.739357080799305,
low,5,crdt_pure,0,419,0.817984361424848,
low,5,crdt_lww,61,491,0.7602085143353605,
low,5,leader,24,238,0.8861859252823632,
low,5,ranked_pairs,0,345,0.8501303214596003,
low,5,rp_unconstrained,0,345,0.8501303214596003,0.0
low,6,lww,47,366,0.8152951699463328,
low,6,vc,0,365,0.8367620751341682,
low,6,crdt_pure,0,315,0.85912343470483,
low,6,crdt_lww,47,366,0.8152951699463328,
low,6,leader,14,235,0.8886404293381037,
low,6,ranked_pairs,0,281,0.8743291592128801,
low,6,rp_unconstrained,0,281,0.8743291592128801,0.0
low,7,lww,73,745,0.6438833260774923,
low,7,vc,0,513,0.7766652154984763,
low,7,crdt_pure,0,450,0.804092294296909,
low,7,crdt_lww,73,745,0.6438833260774923,
low,7,leader,0,359,0.8437091858946452,
low,7,ranked_pairs,0,395,0.8280365694383979,
low,7,rp_unconstrained,0,395,0.8280365694383979,0.0
low,8,lww,94,541,0.7104423164614684,
low,8,vc,0,567,0.7414500683994528,
low,8,crdt_pure,0,397,0.8189694482444141,
low,8,crdt_lww,94,541,0.7104423164614684,
low,8,leader,0,141,0.9357045143638851,
low,8,ranked_pairs,0,318,0.8549931600547196,
low,8,rp_unconstrained,0,318,0.8549931600547196,0.0
low,9,lww,85,733,0.6561580496006725,
low,9,vc,0,700,0.7057587221521648,
low,9,crdt_pure,0,494,0.7923497267759563,
low,9,crdt_lww,85,733,0.6561580496006725,
low,9,leader,0,264,0.8890290037831021,
low,9,ranked_pairs,0,393,0.8348045397225725,
low,9,rp_unconstrained,0,393,0.8348045397225725,0.0
low,10,lww,39,666,0.6844225604297225,
low,10,vc,0,397,0.8222918531781558,
low,10,crdt_pure,0,526,0.7645478961504029,
low,10,crdt_lww,39,666,0.6844225604297225,
low,10,leader,17,336,0.841987466427932,
low,10,ranked_pairs,0,356,0.8406445837063563,
low,10,rp_unconstrained,0,356,0.8406445837063563,0.0
low,11,lww,60,700,0.6654929577464789,
low,11,vc,0,516,0.772887323943662,
low,11,crdt_pure,0,506,0.7772887323943662,
low,11,crdt_lww,60,700,0.6654929577464789,
low,11,leader,0,372,0.8362676056338028,
low,11,ranked_pairs,0,388,0.829225352112676,
low,11,rp_unconstrained,0,388,0.829225352112676,0.0
low,12,lww,62,562,0.7381451951321862,
low,12,vc,0,587,0.7536718422156945,
low,12,crdt_pure,0,495,0.7922786403692824,
low,12,crdt_lww,62,562,0.7381451951321862,
low,12,leader,0,218,0.9085186739404112,
low,12,ranked_pairs,0,455,0.8090642047838859,
low,12,rp_unconstrained,0,455,0.8090642047838859,0.0
low,13,lww,32,516,0.7423601316408086,
low,13,vc,0,545,0.7437705688763516,
low,13,crdt_pure,0,458,0.7846732487070992,
low,13,crdt_lww,32,516,0.7423601316408086,
low,13,leader,14,199,0.8998589562764457,
low,13,ranked_pairs,0,371,0.8255759285378468,
low,13,rp_unconstrained,0,371,0.8255759285378468,0.0
low,14,lww,34,523,0.7553798858146684,
low,14,vc,0,608,0.732981993851559,
low,14,crdt_pure,0,413,0.818620992534036,
low,14,crdt_lww,34,523,0.7553798858146684,
low,14,leader,24,303,0.8563899868247694,
low,14,ranked_pairs,0,377,0.8344312692138779,
low,14,rp_unconstrained,0,377,0.8344312692138779,0.0
high,0,lww,19,573,0.7504215851602023,
high,0,vc,0,817,0.6555649241146712,
high,0,crdt_pure,0,587,0.7525295109612142,
high,0,crdt_lww,19,573,0.7504215851602023,
high,0,leader,9,143,0.9359190556492412,
high,0,ranked_pairs,0,437,0.8157672849915683,
high,0,rp_unconstrained,0,437,0.8157672849915683,0.0
high,1,lww,22,950,0.5837259100642398,
high,1,vc,0,1042,0.553747323340471,
high,1,crdt_pure,0,694,0.7027837259100642,
high,1,crdt_lww,22,950,0.5837259100642398,
high,1,leader,7,291,0.8723768736616703,
high,1,ranked_pairs,0,607,0.7400428265524626,
high,1,rp_unconstrained,0,607,0.7400428265524626,0.0
high,2,lww,8,669,0.7186201163757273,
high,2,vc,0,847,0.6479634247714048,
high,2,crdt_pure,0,573,0.7618453865336658,
high,2,crdt_lww,8,669,0.7186201163757273,
high,2,leader,0,75,0.9688279301745636,
high,2,ranked_pairs,0,497,0.7934330839567747,
high,2,rp_unconstrained,0,497,0.7934330839567747,0.0
high,3,lww,6,600,0.6965448172258388,
high,3,vc,0,815,0.5918878317476215,
high,3,crdt_pure,0,534,0.7325988983475213,
high,3,crdt_lww,6,600,0.6965448172258388,
high,3,leader,0,158,0.9208813219829745,
high,3,ranked_pairs,0,418,0.7906860290435653,
high,3,rp_unconstrained,0,418,0.7906860290435653,0.0
high,4,lww,7,575,0.752023860247124,
high,4,vc,0,689,0.7064337452066467,
high,4,crdt_pure,0,571,0.7567106945036216,
high,4,crdt_lww,7,575,0.752023860247124,
high,4,leader,0,65,0.9723050703025139,
high,4,ranked_pairs,0,482,0.7946314443971026,
high,4,rp_unconstrained,0,482,0.7946314443971026,0.0
high,5,lww,26,641,0.710251954821894,
high,5,vc,0,954,0.5855777584708949,
high,5,crdt_pure,0,564,0.7549956559513467,
high,5,crdt_lww,26,641,0.710251954821894,
high,5,leader,9,108,0.9491746307558645,
high,5,ranked_pairs,0,513,0.7771503040834058,
high,5,rp_unconstrained,0,513,0.7771503040834058,0.0
high,6,lww,0,561,0.7541630148992112,
high,6,vc,0,852,0.6266432953549518,
high,6,crdt_pure,0,527,0.7690622261174409,
high,6,crdt_lww,0,561,0.7541630148992112,
high,6,leader,0,116,0.9491673970201577,
high,6,ranked_pairs,0,452,0.8019281332164767,
high,6,rp_unconstrained,0,452,0.8019281332164767,0.0
high,7,lww,46,873,0.5886302596239928,
high,7,vc,0,791,0.6459265890778871,
high,7,crdt_pure,0,670,0.7000895255147717,
high,7,crdt_lww,46,873,0.5886302596239928,
high,7,leader,7,80,0.9610564010743061,
high,7,ranked_pairs,0,530,0.7627573858549687,
high,7,rp_unconstrained,0,530,0.7627573858549687,0.0
high,8,lww,0,769,0.6828865979381443,
high,8,vc,0,877,0.6383505154639175,
high,8,crdt_pure,0,688,0.7162886597938145,
high,8,crdt_lww,0,769,0.6828865979381443,
high,8,leader,0,18,0.9925773195876288,
high,8,ranked_pairs,0,617,0.7455670103092784,
high,8,rp_unconstrained,0,617,0.7455670103092784,0.0
high,9,lww,10,741,0.681509754028838,
high,9,vc,0,820,0.6522476675148431,
high,9,crdt_pure,0,660,0.7201017811704835,
high,9,crdt_lww,10,741,0.681509754028838,
high,9,leader,0,42,0.9821882951653944,
high,9,ranked_pairs,0,556,0.7642069550466497,
high,9,rp_unconstrained,0,556,0.7642069550466497,0.0
high,10,lww,28,795,0.6511233573548114,
high,10,vc,0,836,0.645612547689699,
high,10,crdt_pure,0,654,0.7227638830012717,
high,10,crdt_lww,28,795,0.6511233573548114,
high,10,leader,0,221,0.9063162356930903,
high,10,ranked_pairs,0,513,0.7825349724459517,
high,10,rp_unconstrained,0,513,0.7825349724459517,0.0
high,11,lww,9,756,0.6705426356589148,
high,11,vc,0,896,0.6141257536606374,
high,11,crdt_pure,0,742,0.6804478897502153,
high,11,crdt_lww,9,756,0.6705426356589148,
high,11,leader,0,125,0.946167097329888,
high,11,ranked_pairs,0,602,0.7407407407407407,
high,11,rp_unconstrained,0,602,0.7407407407407407,0.0
high,12,lww,0,725,0.6811785400175902,
high,12,vc,0,777,0.658311345646438,
high,12,crdt_pure,0,692,0.6956904133685136,
high,12,crdt_lww,0,725,0.6811785400175902,
high,12,leader,9,85,0.9586631486367634,
high,12,ranked_pairs,0,563,0.7524186455584873,
high,12,rp_unconstrained,0,563,0.7524186455584873,0.0
high,13,lww,26,716,0.6674137158225011,
high,13,vc,0,640,0.7131331241595698,
high,13,crdt_pure,0,598,0.731958762886598,
high,13,crdt_lww,26,716,0.6674137158225011,
high,13,leader,0,49,0.9780367548184671,
high,13,ranked_pairs,0,491,0.7799193186911699,
high,13,rp_unconstrained,0,491,0.7799193186911699,0.0
high,14,lww,36,730,0.683993399339934,
high,14,vc,0,825,0.6596534653465347,
high,14,crdt_pure,0,654,0.7301980198019802,
high,14,crdt_lww,36,730,0.683993399339934,
high,14,leader,0,213,0.9121287128712872,
high,14,ranked_pairs,0,560,0.768976897689769,
high,14,rp_unconstrained,0,560,0.768976897689769,0.0
