strategy,metric,n,mean,std,ci95_low,ci95_high,conflict,minority_frac
crdt_lww,tau_causal,30,0.0,0.0,,,high,
crdt_lww,tau_contested,30,0.5,0.7310832774866962,0.22700901770524268,0.7729909822947574,high,
crdt_lww,tauhat,30,0.00022644927536229995,0.0003311065568327153,0.00010281205512011944,0.00035008649560448046,high,
crdt_lww,info_retention,30,0.9997735507246375,0.000331106556832724,0.9996499135043952,0.9998971879448797,high,
crdt_pure,tau_causal,30,0.0,0.0,,,high,
crdt_pure,tau_contested,30,0.5,0.7310832774866962,0.22700901770524268,0.7729909822947574,high,
crdt_pure,tauhat,30,0.00022644927536229995,0.0003311065568327153,0.00010281205512011944,0.00035008649560448046,high,
crdt_pure,info_retention,30,0.9997735507246375,0.000331106556832724,0.9996499135043952,0.9998971879448797,high,
leader,tau_causal,30,0.0,0.0,,,high,
leader,tau_contested,30,0.0,0.0,,,high,
leader,tauhat,30,0.0,0.0,,,high,
leader,info_retention,30,1.0,0.0,,,high,
lww,tau_causal,30,0.0,0.0,,,high,
lww,tau_contested,30,0.5,0.7310832774866962,0.22700901770524268,0.7729909822947574,high,
lww,tauhat,30,0.00022644927536229995,0.0003311065568327153,0.00010281205512011944,0.00035008649560448046,high,
lww,info_retention,30,0.9997735507246375,0.000331106556832724,0.9996499135043952,0.9998971879448797,high,
ranked_pairs,tau_causal,30,0.0,0.0,,,high,
ranked_pairs,tau_contested,30,0.0,0.0,,,high,
ranked_pairs,tauhat,30,0.0,0.0,,,high,
ranked_pairs,info_retention,30,1.0,0.0,,,high,
vc,tau_causal,30,0.0,0.0,,,high,
vc,tau_contested,30,0.5,0.7310832774866962,0.22700901770524268,0.7729909822947574,high,
vc,tauhat,30,0.00022644927536229995,0.0003311065568327153,0.00010281205512011944,0.00035008649560448046,high,
vc,info_retention,30,0.9997735507246375,0.000331106556832724,0.9996499135043952,0.9998971879448797,high,
crdt_lww,tau_causal,30,0.0,0.0,,,low,
crdt_lww,tau_contested,30,0.5,0.8200084103858011,0.19380382736868734,0.8061961726313127,low,
crdt_lww,tauhat,30,0.0002264492753623033,0.0003713806206457228,8.777347254015845e-05,0.00036512507818444817,low,
crdt_lww,info_retention,30,0.9997735507246376,0.0003713806206457338,0.9996348749218155,0.9999122265274597,low,
crdt_pure,tau_causal,30,0.0,0.0,,,low,
crdt_pure,tau_contested,30,0.5,0.8200084103858011,0.19380382736868734,0.8061961726313127,low,
crdt_pure,tauhat,30,0.0002264492753623033,0.0003713806206457228,8.777347254015845e-05,0.00036512507818444817,low,
crdt_pure,info_retention,30,0.9997735507246376,0.0003713806206457338,0.9996348749218155,0.9999122265274597,low,
leader,tau_causal,30,0.0,0.0,,,low,
leader,tau_contested,30,0.0,0.0,,,low,
leader,tauhat,30,0.0,0.0,,,low,
leader,info_retention,30,1.0,0.0,,,low,
lww,tau_causal,30,0.0,0.0,,,low,
lww,tau_contested,30,0.5,0.8200084103858011,0.19380382736868734,0.8061961726313127,low,
lww,tauhat,30,0.0002264492753623033,0.0003713806206457228,8.777347254015845e-05,0.00036512507818444817,low,
lww,info_retention,30,0.9997735507246376,0.0003713806206457338,0.9996348749218155,0.9999122265274597,low,
ranked_pairs,tau_causal,30,0.0,0.0,,,low,
ranked_pairs,tau_contested,30,0.0,0.0,,,low,
ranked_pairs,tauhat,30,0.0,0.0,,,low,
ranked_pairs,info_retention,30,1.0,0.0,,,low,
vc,tau_causal,30,0.0,0.0,,,low,
vc,tau_contested,30,0.5,0.8200084103858011,0.19380382736868734,0.8061961726313127,low,
vc,tauhat,30,0.0002264492753623033,0.0003713806206457228,8.777347254015845e-05,0.00036512507818444817,low,
vc,info_retention,30,0.9997735507246376,0.0003713806206457338,0.9996348749218155,0.9999122265274597,low,
crdt_lww,ops_retained,30,1.0,0.0,,,,
crdt_lww,auto_coverage,30,1.0,0.0,,,,
crdt_lww,info_retention,30,0.9998490338164251,0.0002475870804304814,0.9997565832812103,0.9999414843516399,,
crdt_lww,tau_causal,30,0.0,0.0,,,,
crdt_lww,tau_contested,30,0.3333333333333333,0.5466722735905339,0.1292025515791249,0.5374641150875417,,
crdt_lww,semantic_validity,30,0.822063492063492,0.18723842319958403,0.7521475158038572,0.8919794683231269,,
crdt_lww,gini,30,0.25833333333333336,0.4019528479237621,0.10824167323120526,0.40842499343546146,,
crdt_lww,time_ms,30,0.04250333333099354,0.009562263594099464,0.038932725423658235,0.04607394123832885,,
crdt_pure,ops_retained,30,1.0,0.0,,,,
crdt_pure,auto_coverage,30,0.9083333333333332,0.07612502319926162,0.8799077825098762,0.9367588841567902,,
crdt_pure,info_retention,30,0.9998490338164251,0.0002475870804304814,0.9997565832812103,0.9999414843516399,,
crdt_pure,tau_causal,30,0.0,0.0,,,,
crdt_pure,tau_contested,30,0.3333333333333333,0.5466722735905339,0.1292025515791249,0.5374641150875417,,
crdt_pure,semantic_validity,30,0.822063492063492,0.18723842319958403,0.7521475158038572,0.8919794683231269,,
crdt_pure,gini,30,0.25833333333333336,0.4019528479237621,0.10824167323120526,0.40842499343546146,,
crdt_pure,time_ms,30,0.059516666669878725,0.015276939651255494,0.053812163653216775,0.06522116968654068,,
leader,ops_retained,30,0.20833333333333323,5.646012854083702e-17,0.2083333333333332,0.20833333333333326,,
leader,auto_coverage,30,1.0,0.0,,,,
leader,info_retention,30,1.0,0.0,,,,
leader,tau_causal,30,0.0,0.0,,,,
leader,tau_contested,30,0.0,0.0,,,,
leader,semantic_validity,30,1.0,0.0,,,,
leader,gini,30,0.0,0.0,,,,
leader,time_ms,30,0.01872333332736763,0.0036564240308807794,0.017358002155646958,0.020088664499088305,,
lww,ops_retained,30,1.0,0.0,,,,
lww,auto_coverage,30,1.0,0.0,,,,
lww,info_retention,30,0.9998490338164251,0.0002475870804304814,0.9997565832812103,0.9999414843516399,,
lww,tau_causal,30,0.0,0.0,,,,
lww,tau_contested,30,0.3333333333333333,0.5466722735905339,0.1292025515791249,0.5374641150875417,,
lww,semantic_validity,30,0.822063492063492,0.18723842319958403,0.7521475158038572,0.8919794683231269,,
lww,gini,30,0.25833333333333336,0.4019528479237621,0.10824167323120526,0.40842499343546146,,
lww,time_ms,30,0.058776666674020775,0.013297334021726512,0.053811360547785826,0.06374197280025572,,
ranked_pairs,ops_retained,30,1.0,0.0,,,,
ranked_pairs,auto_coverage,30,1.0,0.0,,,,
ranked_pairs,info_retention,30,1.0,0.0,,,,
ranked_pairs,tau_causal,30,0.0,0.0,,,,
ranked_pairs,tau_contested,30,0.0,0.0,,,,
ranked_pairs,semantic_validity,30,0.8276190476190475,0.18492696569546693,0.7585661837763055,0.8966719114617895,,
ranked_pairs,gini,30,0.0,0.0,,,,
ranked_pairs,time_ms,30,1.2719033333344971,0.20568860041215983,1.195097947679412,1.3487087189895823,,
vc,ops_retained,30,1.0,0.0,,,,
vc,auto_coverage,30,0.9083333333333332,0.07612502319926162,0.8799077825098762,0.9367588841567902,,
vc,info_retention,30,0.9998490338164251,0.0002475870804304814,0.9997565832812103,0.9999414843516399,,
vc,tau_causal,30,0.0,0.0,,,,
vc,tau_contested,30,0.3333333333333333,0.5466722735905339,0.1292025515791249,0.5374641150875417,,
vc,semantic_validity,30,0.822063492063492,0.18723842319958403,0.7521475158038572,0.8919794683231269,,
vc,gini,30,0.25833333333333336,0.4019528479237621,0.10824167323120526,0.40842499343546146,,
vc,time_ms,30,0.17552333333317918,0.06242533573701692,0.15221332987979233,0.19883333678656603,,
leader,ops_retained,15,0.2916666666666667,0.0,,,,0.1
leader,info_retention,15,1.0,0.0,,,,0.1
leader,tauhat,15,0.0,0.0,,,,0.1
lww,ops_retained,15,1.0,0.0,,,,0.1
lww,info_retention,15,0.9996074879227054,0.0003776310633300474,0.9993983628103117,0.999816613035099,,0.1
lww,tauhat,15,0.00039251207729465334,0.00037763106333003747,0.00018338696490096494,0.0006016371896883418,,0.1
ranked_pairs,ops_retained,15,1.0,0.0,,,,0.1
ranked_pairs,info_retention,15,1.0,0.0,,,,0.1
ranked_pairs,tauhat,15,0.0,0.0,,,,0.1
leader,ops_retained,15,0.25,0.0,,,,0.2
leader,info_retention,15,1.0,0.0,,,,0.2
leader,tauhat,15,0.0,0.0,,,,0.2
lww,ops_retained,15,1.0,0.0,,,,0.2
lww,info_retention,15,0.9996678743961352,0.00036177927387587625,0.9994675277121421,0.9998682210801284,,0.2
lww,tauhat,15,0.0003321256038647066,0.0003617792738758667,0.0001317789198715106,0.0005324722878579026,,0.2
ranked_pairs,ops_retained,15,1.0,0.0,,,,0.2
ranked_pairs,info_retention,15,1.0,0.0,,,,0.2
ranked_pairs,tauhat,15,0.0,0.0,,,,0.2
leader,ops_retained,15,0.25,0.0,,,,0.3
leader,info_retention,15,1.0,0.0,,,,0.3
leader,tauhat,15,0.0,0.0,,,,0.3
lww,ops_retained,15,1.0,0.0,,,,0.3
lww,info_retention,15,0.9996376811594203,0.0003062153096842277,0.9994681047731726,0.999807257545668,,0.3
lww,tauhat,15,0.00036231884057967995,0.00030621530968421955,0.00019274245433198943,0.0005318952268273705,,0.3
ranked_pairs,ops_retained,15,1.0,0.0,,,,0.3
ranked_pairs,info_retention,15,1.0,0.0,,,,0.3
ranked_pairs,tauhat,15,0.0,0.0,,,,0.3
leader,ops_retained,15,0.20833333333333337,8.618925065430588e-17,0.20833333333333331,0.20833333333333343,,0.4
leader,info_retention,15,1.0,0.0,,,,0.4
leader,tauhat,15,0.0,0.0,,,,0.4
lww,ops_retained,15,1.0,0.0,,,,0.4
lww,info_retention,15,0.9997584541062802,0.0003366047794190055,0.9995720485926354,0.999944859619925,,0.4
lww,tauhat,15,0.00024154589371978662,0.00033660477941899663,5.514038007503234e-05,0.0004279514073645409,,0.4
ranked_pairs,ops_retained,15,1.0,0.0,,,,0.4
ranked_pairs,info_retention,15,1.0,0.0,,,,0.4
ranked_pairs,tauhat,15,0.0,0.0,,,,0.4
leader,ops_retained,15,0.16666666666666657,2.872975021810196e-17,0.16666666666666655,0.1666666666666666,,0.5
leader,info_retention,15,1.0,0.0,,,,0.5
leader,tauhat,15,0.0,0.0,,,,0.5
lww,ops_retained,15,1.0,0.0,,,,0.5
lww,info_retention,15,0.9998490338164251,0.00022099186434521687,0.9997266526011147,0.9999714150317355,,0.5
lww,tauhat,15,0.00015096618357486664,0.00022099186434521107,2.8584968264481488e-05,0.0002733473988852518,,0.5
ranked_pairs,ops_retained,15,1.0,0.0,,,,0.5
ranked_pairs,info_retention,15,1.0,0.0,,,,0.5
ranked_pairs,tauhat,15,0.0,0.0,,,,0.5
