trial,strategy,M,ops_retained,auto_coverage,info_retention,tau_causal,tau_contested,semantic_validity,gini,time_ms
0,lww,24,1.0,1.0,0.917572463768116,0,182,1.0,0.4107142857142857,0.07720000212430023
0,vc,24,1.0,1.0,0.6195652173913043,0,840,1.0,0.05327380952380952,0.17549999756738544
0,crdt_pure,24,1.0,1.0,0.917572463768116,0,182,1.0,0.4107142857142857,0.061499998992076144
0,crdt_lww,24,1.0,1.0,0.917572463768116,0,182,1.0,0.4107142857142857,0.059300000430084765
0,leader,24,0.5,1.0,0.9796195652173914,0,45,1.0,0.5916666666666667,0.03550000110408291
0,ranked_pairs,24,1.0,1.0,0.917572463768116,0,182,1.0,0.4107142857142857,3.651800001534866
1,lww,24,1.0,1.0,0.9207427536231884,0,175,0.5714285714285714,0.28785714285714287,0.052600000344682485
1,vc,24,1.0,0.75,0.5883152173913043,0,909,0.5714285714285714,0.0842959295929593,0.1559999982418958
1,crdt_pure,24,1.0,0.75,0.9207427536231884,0,175,0.5714285714285714,0.28785714285714287,0.22840000019641593
1,crdt_lww,24,1.0,1.0,0.9207427536231884,0,175,0.5714285714285714,0.28785714285714287,0.10789999942062423
1,leader,24,0.5833333333333334,1.0,0.9660326086956522,0,75,0.6666666666666666,0.48833333333333334,0.04480000279727392
1,ranked_pairs,24,1.0,1.0,0.9207427536231884,0,175,0.5714285714285714,0.28785714285714287,3.777099998842459
2,lww,24,1.0,1.0,0.9189311594202898,0,179,1.0,0.4168994413407821,0.07499999992433004
2,vc,24,1.0,0.9166666666666666,0.5946557971014492,0,895,1.0,0.0356145251396648,0.17289999959757552
2,crdt_pure,24,1.0,0.9166666666666666,0.9189311594202898,0,179,1.0,0.4168994413407821,0.08470000102533959
2,crdt_lww,24,1.0,1.0,0.9189311594202898,0,179,1.0,0.4168994413407821,0.06710000161547214
2,leader,24,0.5833333333333334,1.0,0.9497282608695652,0,111,1.0,0.34121621621621623,0.12249999781488441
2,ranked_pairs,24,1.0,1.0,0.9189311594202898,0,179,1.0,0.4168994413407821,3.946900000300957
3,lww,24,1.0,1.0,0.9125905797101449,0,193,1.0,0.48639896373056996,0.06800000119255856
3,vc,24,1.0,1.0,0.6870471014492754,0,691,1.0,0.0591534008683068,0.15070000154082663
3,crdt_pure,24,1.0,1.0,0.9125905797101449,0,193,1.0,0.48639896373056996,0.04830000034417026
3,crdt_lww,24,1.0,1.0,0.9125905797101449,0,193,1.0,0.48639896373056996,0.04999999873689376
3,leader,24,0.6666666666666666,1.0,0.9103260869565217,0,198,1.0,0.27146464646464646,0.03369999831193127
3,ranked_pairs,24,1.0,1.0,0.9125905797101449,0,193,1.0,0.48639896373056996,3.579899999749614
4,lww,24,1.0,1.0,0.9121376811594203,0,194,1.0,0.3440721649484536,0.04999999873689376
4,vc,24,1.0,0.9583333333333334,0.6567028985507246,0,758,1.0,0.061015831134564644,0.15600000187987462
4,crdt_pure,24,1.0,0.9583333333333334,0.9121376811594203,0,194,1.0,0.3440721649484536,0.06880000000819564
4,crdt_lww,24,1.0,1.0,0.9121376811594203,0,194,1.0,0.3440721649484536,0.05070000042906031
4,leader,24,0.625,1.0,0.9311594202898551,0,152,1.0,0.3223684210526316,0.0335000004270114
4,ranked_pairs,24,1.0,1.0,0.9121376811594203,0,194,1.0,0.3440721649484536,3.4090999979525805
5,lww,24,1.0,1.0,0.9094202898550725,0,200,0.6666666666666666,0.3825,0.05529999907594174
5,vc,24,1.0,0.8333333333333334,0.6639492753623188,0,742,0.6666666666666666,0.102088948787062,0.1632999992580153
5,crdt_pure,24,1.0,0.8333333333333334,0.9094202898550725,0,200,0.6666666666666666,0.3825,0.08580000212532468
5,crdt_lww,24,1.0,1.0,0.9094202898550725,0,200,0.6666666666666666,0.3825,0.05549999696086161
5,leader,24,0.6666666666666666,1.0,0.8532608695652174,0,324,0.75,0.19290123456790123,0.039500002458225936
5,ranked_pairs,24,1.0,1.0,0.9094202898550725,0,200,0.6666666666666666,0.3825,3.6084000021219254
6,lww,24,1.0,1.0,0.9298007246376812,0,155,0.8333333333333334,0.42016129032258065,0.05860000237589702
6,vc,24,1.0,0.875,0.5665760869565217,0,957,0.8333333333333334,0.02416405433646813,0.17160000061267056
6,crdt_pure,24,1.0,0.875,0.9298007246376812,0,155,0.8333333333333334,0.42016129032258065,0.07090000144671649
6,crdt_lww,24,1.0,1.0,0.9298007246376812,0,155,0.8333333333333334,0.42016129032258065,0.05020000025979243
6,leader,24,0.5833333333333334,1.0,0.9465579710144928,0,118,1.0,0.4258474576271186,0.03269999797339551
6,ranked_pairs,24,1.0,1.0,0.9298007246376812,0,155,0.8333333333333334,0.42016129032258065,3.7652999999409076
7,lww,24,1.0,1.0,0.9252717391304348,0,165,1.0,0.3340909090909091,0.05120000059832819
7,vc,24,1.0,0.9166666666666666,0.603713768115942,0,875,1.0,0.04442857142857143,0.15999999959603883
7,crdt_pure,24,1.0,0.9166666666666666,0.9252717391304348,0,165,1.0,0.3340909090909091,0.08119999984046444
7,crdt_lww,24,1.0,1.0,0.9252717391304348,0,165,1.0,0.3340909090909091,0.05080000119050965
7,leader,24,0.5416666666666666,1.0,0.9778079710144928,0,49,1.0,0.6709183673469388,0.03339999966556206
7,ranked_pairs,24,1.0,1.0,0.9252717391304348,0,165,1.0,0.3340909090909091,3.4747999998216983
8,lww,24,1.0,1.0,0.9094202898550725,0,200,1.0,0.4,0.05660000169882551
8,vc,24,1.0,1.0,0.5914855072463768,0,902,1.0,0.06485587583148558,0.13829999807057902
8,crdt_pure,24,1.0,1.0,0.9094202898550725,0,200,1.0,0.4,0.05620000229100697
8,crdt_lww,24,1.0,1.0,0.9094202898550725,0,200,1.0,0.4,0.05610000152955763
8,leader,24,0.625,1.0,0.9542572463768116,0,101,1.0,0.4146039603960396,0.03680000008898787
8,ranked_pairs,24,1.0,1.0,0.9094202898550725,0,200,1.0,0.4,3.470999999990454
9,lww,24,1.0,1.0,0.9243659420289855,0,167,1.0,0.3046407185628742,0.04949999856762588
9,vc,24,1.0,1.0,0.6354166666666667,0,805,1.0,0.05574534161490683,0.13390000094659626
9,crdt_pure,24,1.0,1.0,0.9243659420289855,0,167,1.0,0.3046407185628742,0.04640000042854808
9,crdt_lww,24,1.0,1.0,0.9243659420289855,0,167,1.0,0.3046407185628742,0.048899997636908665
9,leader,24,0.6666666666666666,1.0,0.9565217391304348,0,96,1.0,0.4583333333333333,0.032800002372823656
9,ranked_pairs,24,1.0,1.0,0.9243659420289855,0,167,1.0,0.3046407185628742,3.393700000742683
10,lww,24,1.0,1.0,0.9098731884057971,0,199,1.0,0.2342964824120603,0.06800000119255856
10,vc,24,1.0,1.0,0.5720108695652174,0,945,1.0,0.054365079365079366,0.13219999891589396
10,crdt_pure,24,1.0,1.0,0.9098731884057971,0,199,1.0,0.2342964824120603,0.05980000059935264
10,crdt_lww,24,1.0,1.0,0.9098731884057971,0,199,1.0,0.2342964824120603,0.05529999907594174
10,leader,24,0.5416666666666666,1.0,0.9719202898550725,0,62,1.0,0.5483870967741935,0.037500001781154424
10,ranked_pairs,24,1.0,1.0,0.9098731884057971,0,199,1.0,0.2342964824120603,3.4051999973598868
11,lww,24,1.0,1.0,0.9148550724637681,0,188,1.0,0.29654255319148937,0.05280000186758116
11,vc,24,1.0,0.9166666666666666,0.5670289855072463,0,956,0.75,0.0794979079497908,0.14150000060908496
11,crdt_pure,24,1.0,0.9166666666666666,0.9148550724637681,0,188,1.0,0.29654255319148937,0.06410000059986487
11,crdt_lww,24,1.0,1.0,0.9148550724637681,0,188,1.0,0.29654255319148937,0.05059999966761097
11,leader,24,0.5833333333333334,1.0,0.9379528985507246,0,137,1.0,0.2563868613138686,0.03359999755048193
11,ranked_pairs,24,1.0,1.0,0.9148550724637681,0,188,1.0,0.29654255319148937,5.483400000230176
12,lww,24,1.0,1.0,0.9157608695652174,0,186,1.0,0.2110215053763441,0.06130000110715628
12,vc,24,1.0,0.9166666666666666,0.5625,0,966,1.0,0.05201863354037267,0.15950000306474976
12,crdt_pure,24,1.0,0.9166666666666666,0.9157608695652174,0,186,1.0,0.2110215053763441,0.6696999989799224
12,crdt_lww,24,1.0,1.0,0.9157608695652174,0,186,1.0,0.2110215053763441,0.058900001022266224
12,leader,24,0.6666666666666666,1.0,0.926177536231884,0,163,1.0,0.27070552147239263,0.03699999797390774
12,ranked_pairs,24,1.0,1.0,0.9157608695652174,0,186,1.0,0.2110215053763441,3.6760000002686866
13,lww,24,1.0,1.0,0.916213768115942,0,185,1.0,0.46959459459459457,0.05750000127591193
13,vc,24,1.0,1.0,0.5892210144927537,0,907,1.0,0.04230981256890849,0.1542999998491723
13,crdt_pure,24,1.0,1.0,0.916213768115942,0,185,1.0,0.46959459459459457,0.09379999755765311
13,crdt_lww,24,1.0,1.0,0.916213768115942,0,185,1.0,0.46959459459459457,0.05310000051395036
13,leader,24,0.5416666666666666,1.0,0.978713768115942,0,47,1.0,0.726063829787234,0.06479999865405262
13,ranked_pairs,24,1.0,1.0,0.916213768115942,0,185,1.0,0.46959459459459457,3.3801999998104293
14,lww,24,1.0,1.0,0.9184782608695652,0,180,0.5,0.35,0.04950000220560469
14,vc,24,1.0,0.8333333333333334,0.6086956521739131,0,864,0.5,0.029513888888888888,0.1646999990043696
14,crdt_pure,24,1.0,0.8333333333333334,0.9184782608695652,0,180,0.5,0.35,0.06550000034621917
14,crdt_lww,24,1.0,1.0,0.9184782608695652,0,180,0.5,0.35,0.04980000085197389
14,leader,24,0.6666666666666666,1.0,0.9384057971014492,0,136,1.0,0.35661764705882354,0.04099999932805076
14,ranked_pairs,24,1.0,1.0,0.9184782608695652,0,180,0.5,0.35,5.322499997419072
15,lww,24,1.0,1.0,0.9202898550724637,0,176,1.0,0.3068181818181818,0.05539999983739108
15,vc,24,1.0,1.0,0.6847826086956521,0,696,1.0,0.08477011494252873,0.13219999891589396
15,crdt_pure,24,1.0,1.0,0.9202898550724637,0,176,1.0,0.3068181818181818,0.05360000068321824
15,crdt_lww,24,1.0,1.0,0.9202898550724637,0,176,1.0,0.3068181818181818,0.051399998483248055
15,leader,24,0.5,1.0,0.9316123188405797,0,151,1.0,0.21937086092715233,0.0335000004270114
15,ranked_pairs,24,1.0,1.0,0.9202898550724637,0,176,1.0,0.3068181818181818,3.4989999985555187
16,lww,24,1.0,1.0,0.8967391304347826,0,228,1.0,0.2949561403508772,0.05239999882178381
16,vc,24,1.0,0.9166666666666666,0.6077898550724637,0,866,0.6666666666666666,0.10306004618937645,0.12319999950705096
16,crdt_pure,24,1.0,0.9166666666666666,0.8967391304347826,0,228,1.0,0.2949561403508772,0.05650000093737617
16,crdt_lww,24,1.0,1.0,0.8967391304347826,0,228,1.0,0.2949561403508772,0.04990000161342323
16,leader,24,0.5416666666666666,1.0,0.9624094202898551,0,83,1.0,0.45331325301204817,0.03469999865046702
16,ranked_pairs,24,1.0,1.0,0.8967391304347826,0,228,1.0,0.2949561403508772,3.462500000750879
17,lww,24,1.0,1.0,0.9239130434782609,0,168,0.75,0.12648809523809523,0.04959999932907522
17,vc,24,1.0,0.9166666666666666,0.6802536231884058,0,706,0.75,0.06905099150141643,0.12489999789977446
17,crdt_pure,24,1.0,0.9166666666666666,0.9239130434782609,0,168,0.75,0.12648809523809523,0.06100000246078707
17,crdt_lww,24,1.0,1.0,0.9239130434782609,0,168,0.75,0.12648809523809523,0.04999999873689376
17,leader,24,0.6666666666666666,1.0,0.9456521739130435,0,120,1.0,0.30833333333333335,0.03590000051190145
17,ranked_pairs,24,1.0,1.0,0.9239130434782609,0,168,0.75,0.12648809523809523,3.5891000006813556
18,lww,24,1.0,1.0,0.9153079710144928,0,187,1.0,0.2306149732620321,0.05160000000614673
18,vc,24,1.0,1.0,0.5330615942028986,0,1031,1.0,0.05419495635305529,0.12720000086119398
18,crdt_pure,24,1.0,1.0,0.9153079710144928,0,187,1.0,0.2306149732620321,0.051799997891066596
18,crdt_lww,24,1.0,1.0,0.9153079710144928,0,187,1.0,0.2306149732620321,0.07819999882485718
18,leader,24,0.5416666666666666,1.0,0.9515398550724637,0,107,1.0,0.2651869158878505,0.04239999907440506
18,ranked_pairs,24,1.0,1.0,0.9153079710144928,0,187,1.0,0.2306149732620321,4.544499999610707
19,lww,24,1.0,1.0,0.927536231884058,0,160,0.6666666666666666,0.3125,0.057999997807201
19,vc,24,1.0,0.75,0.6702898550724637,0,728,0.6666666666666666,0.052884615384615384,0.16390000018873252
19,crdt_pure,24,1.0,0.75,0.927536231884058,0,160,0.6666666666666666,0.3125,0.08540000271750614
19,crdt_lww,24,1.0,1.0,0.927536231884058,0,160,0.6666666666666666,0.3125,0.05079999755253084
19,leader,24,0.7083333333333334,1.0,0.9664855072463768,0,74,0.625,0.5405405405405406,0.038300000596791506
19,ranked_pairs,24,1.0,1.0,0.927536231884058,0,160,0.6666666666666666,0.3125,3.428899999562418
20,lww,24,1.0,1.0,0.9080615942028986,0,203,0.8333333333333334,0.3368226600985222,0.05450000026030466
20,vc,24,1.0,0.9166666666666666,0.53125,0,1035,0.8333333333333334,0.06316425120772946,0.11040000026696362
20,crdt_pure,24,1.0,0.9166666666666666,0.9080615942028986,0,203,0.8333333333333334,0.3368226600985222,0.076299998909235
20,crdt_lww,24,1.0,1.0,0.9080615942028986,0,203,0.8333333333333334,0.3368226600985222,0.052299998060334474
20,leader,24,0.7083333333333334,1.0,0.8623188405797102,0,304,1.0,0.20559210526315788,0.03400000059627928
20,ranked_pairs,24,1.0,1.0,0.9080615942028986,0,203,0.8333333333333334,0.3368226600985222,3.4568000010040123
21,lww,24,1.0,1.0,0.9334239130434783,0,147,0.6666666666666666,0.30697278911564624,0.05289999899105169
21,vc,24,1.0,0.875,0.7151268115942029,0,629,0.8333333333333334,0.03994435612082671,0.15249999705702066
21,crdt_pure,24,1.0,0.875,0.9334239130434783,0,147,0.6666666666666666,0.30697278911564624,0.07270000060088933
21,crdt_lww,24,1.0,1.0,0.9334239130434783,0,147,0.6666666666666666,0.30697278911564624,0.05390000296756625
21,leader,24,0.5833333333333334,1.0,0.9542572463768116,0,101,0.6666666666666666,0.36014851485148514,0.036299999919719994
21,ranked_pairs,24,1.0,1.0,0.9334239130434783,0,147,0.6666666666666666,0.30697278911564624,3.566400002455339
22,lww,24,1.0,1.0,0.9125905797101449,0,193,0.8,0.34132124352331605,0.059699999837903306
22,vc,24,1.0,0.8333333333333334,0.629981884057971,0,817,0.6,0.04635862913096695,0.26389999766252004
22,crdt_pure,24,1.0,0.8333333333333334,0.9125905797101449,0,193,0.8,0.34132124352331605,0.06550000034621917
22,crdt_lww,24,1.0,1.0,0.9125905797101449,0,193,0.8,0.34132124352331605,0.05569999848376028
22,leader,24,0.625,1.0,0.9411231884057971,0,130,1.0,0.3903846153846154,0.03440000000409782
22,ranked_pairs,24,1.0,1.0,0.9125905797101449,0,193,0.8,0.34132124352331605,4.562800000712741
23,lww,24,1.0,1.0,0.917572463768116,0,182,0.8333333333333334,0.29120879120879123,0.05569999848376028
23,vc,24,1.0,0.7916666666666666,0.6376811594202898,0,800,1.0,0.090625,0.18570000247564167
23,crdt_pure,24,1.0,0.7916666666666666,0.917572463768116,0,182,0.8333333333333334,0.29120879120879123,0.08609999713371508
23,crdt_lww,24,1.0,1.0,0.917572463768116,0,182,0.8333333333333334,0.29120879120879123,0.09579999823472463
23,leader,24,0.5833333333333334,1.0,0.9615036231884058,0,85,0.75,0.3720588235294118,0.036699999327538535
23,ranked_pairs,24,1.0,1.0,0.917572463768116,0,182,0.8333333333333334,0.29120879120879123,3.7956999985908624
24,lww,24,1.0,1.0,0.9248188405797102,0,166,0.4,0.3885542168674699,0.0548999996681232
24,vc,24,1.0,0.8333333333333334,0.6304347826086957,0,816,0.4,0.023284313725490197,0.1472000003559515
24,crdt_pure,24,1.0,0.8333333333333334,0.9248188405797102,0,166,0.4,0.3885542168674699,0.06440000288421288
24,crdt_lww,24,1.0,1.0,0.9248188405797102,0,166,0.4,0.3885542168674699,0.05669999882229604
24,leader,24,0.5416666666666666,1.0,0.9823369565217391,0,39,0.6666666666666666,0.6698717948717948,0.03949999882024713
24,ranked_pairs,24,1.0,1.0,0.9248188405797102,0,166,0.4,0.3885542168674699,3.788699999859091
25,lww,24,1.0,1.0,0.9221014492753623,0,172,0.8,0.22674418604651161,0.05400000009103678
25,vc,24,1.0,0.8333333333333334,0.5697463768115942,0,950,0.6,0.07105263157894737,0.16590000086580403
25,crdt_pure,24,1.0,0.8333333333333334,0.9221014492753623,0,172,0.8,0.22674418604651161,0.07140000161598437
25,crdt_lww,24,1.0,1.0,0.9221014492753623,0,172,0.8,0.22674418604651161,0.0518000015290454
25,leader,24,0.625,1.0,0.9420289855072463,0,128,1.0,0.26171875,0.03440000000409782
25,ranked_pairs,24,1.0,1.0,0.9221014492753623,0,172,0.8,0.22674418604651161,3.4582000007503666
26,lww,24,1.0,1.0,0.9017210144927537,0,217,0.75,0.32315668202764974,0.05249999958323315
26,vc,24,1.0,0.9166666666666666,0.5783514492753623,0,931,0.75,0.08203544575725027,0.14700000247103162
26,crdt_pure,24,1.0,0.9166666666666666,0.9017210144927537,0,217,0.75,0.32315668202764974,0.06399999983841553
26,crdt_lww,24,1.0,1.0,0.9017210144927537,0,217,0.75,0.32315668202764974,0.05080000119050965
26,leader,24,0.6666666666666666,1.0,0.8913043478260869,0,240,0.75,0.25625,0.03220000144210644
26,ranked_pairs,24,1.0,1.0,0.9017210144927537,0,217,0.75,0.32315668202764974,3.946899996662978
27,lww,24,1.0,1.0,0.9211956521739131,0,174,1.0,0.3232758620689655,0.04959999932907522
27,vc,24,1.0,0.9583333333333334,0.6648550724637681,0,740,1.0,0.04932432432432433,0.1399000029778108
27,crdt_pure,24,1.0,0.9583333333333334,0.9211956521739131,0,174,1.0,0.3232758620689655,0.04980000085197389
27,crdt_lww,24,1.0,1.0,0.9211956521739131,0,174,1.0,0.3232758620689655,0.05210000017541461
27,leader,24,0.5,1.0,0.947463768115942,0,116,1.0,0.25646551724137934,0.03719999949680641
27,ranked_pairs,24,1.0,1.0,0.9211956521739131,0,174,1.0,0.3232758620689655,3.576699997211108
28,lww,24,1.0,1.0,0.9121376811594203,0,194,1.0,0.2190721649484536,0.05570000212173909
28,vc,24,1.0,0.875,0.5932971014492754,0,898,1.0,0.07015590200445435,0.42469999971217476
28,crdt_pure,24,1.0,0.875,0.9121376811594203,0,194,1.0,0.2190721649484536,0.09259999933419749
28,crdt_lww,24,1.0,1.0,0.9121376811594203,0,194,1.0,0.2190721649484536,0.06110000322223641
28,leader,24,0.75,1.0,0.9057971014492754,0,208,1.0,0.296875,0.037099998735357076
28,ranked_pairs,24,1.0,1.0,0.9121376811594203,0,194,1.0,0.2190721649484536,3.639800001110416
29,lww,24,1.0,1.0,0.9193840579710145,0,178,0.75,0.3342696629213483,0.05819999933009967
29,vc,24,1.0,0.9166666666666666,0.5969202898550725,0,890,0.75,0.060674157303370786,0.17360000128974207
29,crdt_pure,24,1.0,0.9166666666666666,0.9193840579710145,0,178,0.75,0.3342696629213483,0.07819999882485718
29,crdt_lww,24,1.0,1.0,0.9193840579710145,0,178,0.75,0.3342696629213483,0.06770000254618935
29,leader,24,0.625,1.0,0.9624094202898551,0,83,0.6666666666666666,0.4382530120481928,0.03640000068116933
29,ranked_pairs,24,1.0,1.0,0.9193840579710145,0,178,0.75,0.3342696629213483,5.1158999995095655
