minority_frac,trial,strategy,ops_retained,info_retention,tauhat
0.1,0,leader,0.9583333333333334,0.8505434782608696,0.14945652173913043
0.1,0,lww,1.0,0.9207427536231884,0.0792572463768116
0.1,0,ranked_pairs,1.0,0.9207427536231884,0.0792572463768116
0.1,1,leader,0.875,0.8722826086956521,0.12771739130434784
0.1,1,lww,1.0,0.8899456521739131,0.11005434782608696
0.1,1,ranked_pairs,1.0,0.8899456521739131,0.11005434782608696
0.1,2,leader,0.875,0.9288949275362319,0.07110507246376811
0.1,2,lww,1.0,0.9225543478260869,0.07744565217391304
0.1,2,ranked_pairs,1.0,0.9225543478260869,0.07744565217391304
0.1,3,leader,0.75,0.8971920289855072,0.10280797101449275
0.1,3,lww,1.0,0.9198369565217391,0.08016304347826086
0.1,3,ranked_pairs,1.0,0.9198369565217391,0.08016304347826086
0.1,4,leader,0.875,0.9266304347826086,0.07336956521739131
0.1,4,lww,1.0,0.9239130434782609,0.07608695652173914
0.1,4,ranked_pairs,1.0,0.9239130434782609,0.07608695652173914
0.1,5,leader,0.9166666666666666,0.8727355072463768,0.1272644927536232
0.1,5,lww,1.0,0.9144021739130435,0.08559782608695653
0.1,5,ranked_pairs,1.0,0.9144021739130435,0.08559782608695653
0.1,6,leader,0.8333333333333334,0.8505434782608696,0.14945652173913043
0.1,6,lww,1.0,0.9202898550724637,0.07971014492753623
0.1,6,ranked_pairs,1.0,0.9202898550724637,0.07971014492753623
0.1,7,leader,0.9166666666666666,0.8831521739130435,0.11684782608695653
0.1,7,lww,1.0,0.9302536231884058,0.06974637681159421
0.1,7,ranked_pairs,1.0,0.9302536231884058,0.06974637681159421
0.1,8,leader,0.875,0.9039855072463768,0.09601449275362318
0.1,8,lww,1.0,0.9103260869565217,0.08967391304347826
0.1,8,ranked_pairs,1.0,0.9103260869565217,0.08967391304347826
0.1,9,leader,0.8333333333333334,0.8546195652173914,0.1453804347826087
0.1,9,lww,1.0,0.9153079710144928,0.08469202898550725
0.1,9,ranked_pairs,1.0,0.9153079710144928,0.08469202898550725
0.1,10,leader,0.8333333333333334,0.8786231884057971,0.1213768115942029
0.1,10,lww,1.0,0.9053442028985508,0.09465579710144928
0.1,10,ranked_pairs,1.0,0.9053442028985508,0.09465579710144928
0.1,11,leader,0.9583333333333334,0.9298007246376812,0.07019927536231885
0.1,11,lww,1.0,0.9207427536231884,0.0792572463768116
0.1,11,ranked_pairs,1.0,0.9207427536231884,0.0792572463768116
0.1,12,leader,0.9166666666666666,0.8740942028985508,0.12590579710144928
0.1,12,lww,1.0,0.9080615942028986,0.09193840579710146
0.1,12,ranked_pairs,1.0,0.9080615942028986,0.09193840579710146
0.1,13,leader,0.875,0.8129528985507246,0.18704710144927536
0.1,13,lww,1.0,0.916213768115942,0.08378623188405797
0.1,13,ranked_pairs,1.0,0.916213768115942,0.08378623188405797
0.1,14,leader,0.9166666666666666,0.9406702898550725,0.059329710144927536
0.1,14,lww,1.0,0.9311594202898551,0.06884057971014493
0.1,14,ranked_pairs,1.0,0.9311594202898551,0.06884057971014493
0.2,0,leader,0.7083333333333334,0.9556159420289855,0.044384057971014496
0.2,0,lww,1.0,0.9298007246376812,0.07019927536231885
0.2,0,ranked_pairs,1.0,0.9298007246376812,0.07019927536231885
0.2,1,leader,0.5,0.9818840579710145,0.018115942028985508
0.2,1,lww,1.0,0.9193840579710145,0.0806159420289855
0.2,1,ranked_pairs,1.0,0.9193840579710145,0.0806159420289855
0.2,2,leader,0.6666666666666666,0.9556159420289855,0.044384057971014496
0.2,2,lww,1.0,0.9284420289855072,0.07155797101449275
0.2,2,ranked_pairs,1.0,0.9284420289855072,0.07155797101449275
0.2,3,leader,0.75,0.938858695652174,0.06114130434782609
0.2,3,lww,1.0,0.9189311594202898,0.08106884057971014
0.2,3,ranked_pairs,1.0,0.9189311594202898,0.08106884057971014
0.2,4,leader,0.875,0.9198369565217391,0.08016304347826086
0.2,4,lww,1.0,0.9193840579710145,0.0806159420289855
0.2,4,ranked_pairs,1.0,0.9193840579710145,0.0806159420289855
0.2,5,leader,0.8333333333333334,0.8876811594202898,0.11231884057971014
0.2,5,lww,1.0,0.916213768115942,0.08378623188405797
0.2,5,ranked_pairs,1.0,0.916213768115942,0.08378623188405797
0.2,6,leader,0.6666666666666666,0.9338768115942029,0.0661231884057971
0.2,6,lww,1.0,0.9184782608695652,0.08152173913043478
0.2,6,ranked_pairs,1.0,0.9184782608695652,0.08152173913043478
0.2,7,leader,0.7083333333333334,0.9433876811594203,0.05661231884057971
0.2,7,lww,1.0,0.9307065217391304,0.06929347826086957
0.2,7,ranked_pairs,1.0,0.9307065217391304,0.06929347826086957
0.2,8,leader,0.6666666666666666,0.9221014492753623,0.07789855072463768
0.2,8,lww,1.0,0.9166666666666666,0.08333333333333333
0.2,8,ranked_pairs,1.0,0.9166666666666666,0.08333333333333333
0.2,9,leader,0.8333333333333334,0.8976449275362319,0.10235507246376811
0.2,9,lww,1.0,0.917572463768116,0.08242753623188406
0.2,9,ranked_pairs,1.0,0.917572463768116,0.08242753623188406
0.2,10,leader,0.625,0.9628623188405797,0.03713768115942029
0.2,10,lww,1.0,0.9211956521739131,0.07880434782608696
0.2,10,ranked_pairs,1.0,0.9211956521739131,0.07880434782608696
0.2,11,leader,0.5416666666666666,0.9746376811594203,0.025362318840579712
0.2,11,lww,1.0,0.916213768115942,0.08378623188405797
0.2,11,ranked_pairs,1.0,0.916213768115942,0.08378623188405797
0.2,12,leader,0.75,0.958786231884058,0.04121376811594203
0.2,12,lww,1.0,0.9184782608695652,0.08152173913043478
0.2,12,ranked_pairs,1.0,0.9184782608695652,0.08152173913043478
0.2,13,leader,0.625,0.9592391304347826,0.04076086956521739
0.2,13,lww,1.0,0.9225543478260869,0.07744565217391304
0.2,13,ranked_pairs,1.0,0.9225543478260869,0.07744565217391304
0.2,14,leader,0.875,0.9375,0.0625
0.2,14,lww,1.0,0.9365942028985508,0.06340579710144928
0.2,14,ranked_pairs,1.0,0.9365942028985508,0.06340579710144928
0.3,0,leader,0.8333333333333334,0.8609601449275363,0.13903985507246377
0.3,0,lww,1.0,0.9221014492753623,0.07789855072463768
0.3,0,ranked_pairs,1.0,0.9221014492753623,0.07789855072463768
0.3,1,leader,0.6666666666666666,0.9302536231884058,0.06974637681159421
0.3,1,lww,1.0,0.916213768115942,0.08378623188405797
0.3,1,ranked_pairs,1.0,0.916213768115942,0.08378623188405797
0.3,2,leader,0.625,0.9492753623188406,0.050724637681159424
0.3,2,lww,1.0,0.9130434782608696,0.08695652173913043
0.3,2,ranked_pairs,1.0,0.9130434782608696,0.08695652173913043
0.3,3,leader,0.8333333333333334,0.9248188405797102,0.07518115942028986
0.3,3,lww,1.0,0.9252717391304348,0.07472826086956522
0.3,3,ranked_pairs,1.0,0.9252717391304348,0.07472826086956522
0.3,4,leader,0.7916666666666666,0.855072463768116,0.14492753623188406
0.3,4,lww,1.0,0.917572463768116,0.08242753623188406
0.3,4,ranked_pairs,1.0,0.917572463768116,0.08242753623188406
0.3,5,leader,0.8333333333333334,0.8790760869565217,0.12092391304347826
0.3,5,lww,1.0,0.9148550724637681,0.08514492753623189
0.3,5,ranked_pairs,1.0,0.9148550724637681,0.08514492753623189
0.3,6,leader,0.7916666666666666,0.9479166666666666,0.052083333333333336
0.3,6,lww,1.0,0.9293478260869565,0.07065217391304347
0.3,6,ranked_pairs,1.0,0.9293478260869565,0.07065217391304347
0.3,7,leader,0.9166666666666666,0.8781702898550725,0.12182971014492754
0.3,7,lww,1.0,0.9279891304347826,0.07201086956521739
0.3,7,ranked_pairs,1.0,0.9279891304347826,0.07201086956521739
0.3,8,leader,0.8333333333333334,0.8994565217391304,0.10054347826086957
0.3,8,lww,1.0,0.9107789855072463,0.08922101449275362
0.3,8,ranked_pairs,1.0,0.9107789855072463,0.08922101449275362
0.3,9,leader,0.7083333333333334,0.9279891304347826,0.07201086956521739
0.3,9,lww,1.0,0.9257246376811594,0.07427536231884058
0.3,9,ranked_pairs,1.0,0.9257246376811594,0.07427536231884058
0.3,10,leader,0.7083333333333334,0.9230072463768116,0.0769927536231884
0.3,10,lww,1.0,0.9284420289855072,0.07155797101449275
0.3,10,ranked_pairs,1.0,0.9284420289855072,0.07155797101449275
0.3,11,leader,0.6666666666666666,0.9506340579710145,0.049365942028985504
0.3,11,lww,1.0,0.9307065217391304,0.06929347826086957
0.3,11,ranked_pairs,1.0,0.9307065217391304,0.06929347826086957
0.3,12,leader,0.5833333333333334,0.9542572463768116,0.04574275362318841
0.3,12,lww,1.0,0.9279891304347826,0.07201086956521739
0.3,12,ranked_pairs,1.0,0.9279891304347826,0.07201086956521739
0.3,13,leader,0.7083333333333334,0.9628623188405797,0.03713768115942029
0.3,13,lww,1.0,0.9311594202898551,0.06884057971014493
0.3,13,ranked_pairs,1.0,0.9311594202898551,0.06884057971014493
0.3,14,leader,0.875,0.884963768115942,0.11503623188405797
0.3,14,lww,1.0,0.9352355072463768,0.06476449275362318
0.3,14,ranked_pairs,1.0,0.9352355072463768,0.06476449275362318
0.4,0,leader,0.5,0.9556159420289855,0.044384057971014496
0.4,0,lww,1.0,0.9166666666666666,0.08333333333333333
0.4,0,ranked_pairs,1.0,0.9166666666666666,0.08333333333333333
0.4,1,leader,0.5416666666666666,0.9447463768115942,0.0552536231884058
0.4,1,lww,1.0,0.9098731884057971,0.0901268115942029
0.4,1,ranked_pairs,1.0,0.9098731884057971,0.0901268115942029
0.4,2,leader,0.625,0.9515398550724637,0.04846014492753623
0.4,2,lww,1.0,0.9239130434782609,0.07608695652173914
0.4,2,ranked_pairs,1.0,0.9239130434782609,0.07608695652173914
0.4,3,leader,0.75,0.9053442028985508,0.09465579710144928
0.4,3,lww,1.0,0.9284420289855072,0.07155797101449275
0.4,3,ranked_pairs,1.0,0.9284420289855072,0.07155797101449275
0.4,4,leader,0.7916666666666666,0.9057971014492754,0.09420289855072464
0.4,4,lww,1.0,0.9153079710144928,0.08469202898550725
0.4,4,ranked_pairs,1.0,0.9153079710144928,0.08469202898550725
0.4,5,leader,0.625,0.9370471014492754,0.06295289855072464
0.4,5,lww,1.0,0.9184782608695652,0.08152173913043478
0.4,5,ranked_pairs,1.0,0.9184782608695652,0.08152173913043478
0.4,6,leader,0.6666666666666666,0.9456521739130435,0.05434782608695652
0.4,6,lww,1.0,0.917572463768116,0.08242753623188406
0.4,6,ranked_pairs,1.0,0.917572463768116,0.08242753623188406
0.4,7,leader,0.5833333333333334,0.9375,0.0625
0.4,7,lww,1.0,0.9184782608695652,0.08152173913043478
0.4,7,ranked_pairs,1.0,0.9184782608695652,0.08152173913043478
0.4,8,leader,0.7083333333333334,0.9578804347826086,0.042119565217391304
0.4,8,lww,1.0,0.9284420289855072,0.07155797101449275
0.4,8,ranked_pairs,1.0,0.9284420289855072,0.07155797101449275
0.4,9,leader,0.625,0.96875,0.03125
0.4,9,lww,1.0,0.9311594202898551,0.06884057971014493
0.4,9,ranked_pairs,1.0,0.9311594202898551,0.06884057971014493
0.4,10,leader,0.5833333333333334,0.9592391304347826,0.04076086956521739
0.4,10,lww,1.0,0.9293478260869565,0.07065217391304347
0.4,10,ranked_pairs,1.0,0.9293478260869565,0.07065217391304347
0.4,11,leader,0.625,0.8817934782608696,0.11820652173913043
0.4,11,lww,1.0,0.9180253623188406,0.08197463768115942
0.4,11,ranked_pairs,1.0,0.9180253623188406,0.08197463768115942
0.4,12,leader,0.5833333333333334,0.9438405797101449,0.05615942028985507
0.4,12,lww,1.0,0.9252717391304348,0.07472826086956522
0.4,12,ranked_pairs,1.0,0.9252717391304348,0.07472826086956522
0.4,13,leader,0.7083333333333334,0.9057971014492754,0.09420289855072464
0.4,13,lww,1.0,0.9184782608695652,0.08152173913043478
0.4,13,ranked_pairs,1.0,0.9184782608695652,0.08152173913043478
0.4,14,leader,0.5833333333333334,0.9406702898550725,0.059329710144927536
0.4,14,lww,1.0,0.9311594202898551,0.06884057971014493
0.4,14,ranked_pairs,1.0,0.9311594202898551,0.06884057971014493
0.5,0,leader,0.5,0.9465579710144928,0.05344202898550725
0.5,0,lww,1.0,0.9144021739130435,0.08559782608695653
0.5,0,ranked_pairs,1.0,0.9144021739130435,0.08559782608695653
0.5,1,leader,0.4166666666666667,0.9882246376811594,0.01177536231884058
0.5,1,lww,1.0,0.9334239130434783,0.06657608695652174
0.5,1,ranked_pairs,1.0,0.9334239130434783,0.06657608695652174
0.5,2,leader,0.4166666666666667,0.9433876811594203,0.05661231884057971
0.5,2,lww,1.0,0.9157608695652174,0.08423913043478261
0.5,2,ranked_pairs,1.0,0.9157608695652174,0.08423913043478261
0.5,3,leader,0.5416666666666666,0.9615036231884058,0.0384963768115942
0.5,3,lww,1.0,0.9207427536231884,0.0792572463768116
0.5,3,ranked_pairs,1.0,0.9207427536231884,0.0792572463768116
0.5,4,leader,0.4166666666666667,0.9936594202898551,0.006340579710144928
0.5,4,lww,1.0,0.9202898550724637,0.07971014492753623
0.5,4,ranked_pairs,1.0,0.9202898550724637,0.07971014492753623
0.5,5,leader,0.5416666666666666,0.9836956521739131,0.016304347826086956
0.5,5,lww,1.0,0.9184782608695652,0.08152173913043478
0.5,5,ranked_pairs,1.0,0.9184782608695652,0.08152173913043478
0.5,6,leader,0.5,0.9859601449275363,0.014039855072463768
0.5,6,lww,1.0,0.9320652173913043,0.06793478260869565
0.5,6,ranked_pairs,1.0,0.9320652173913043,0.06793478260869565
0.5,7,leader,0.4583333333333333,0.9823369565217391,0.017663043478260868
0.5,7,lww,1.0,0.9139492753623188,0.08605072463768115
0.5,7,ranked_pairs,1.0,0.9139492753623188,0.08605072463768115
0.5,8,leader,0.625,0.9030797101449275,0.09692028985507246
0.5,8,lww,1.0,0.9107789855072463,0.08922101449275362
0.5,8,ranked_pairs,1.0,0.9107789855072463,0.08922101449275362
0.5,9,leader,0.5416666666666666,0.9483695652173914,0.051630434782608696
0.5,9,lww,1.0,0.926177536231884,0.07382246376811594
0.5,9,ranked_pairs,1.0,0.926177536231884,0.07382246376811594
0.5,10,leader,0.5416666666666666,0.9836956521739131,0.016304347826086956
0.5,10,lww,1.0,0.9343297101449275,0.06567028985507246
0.5,10,ranked_pairs,1.0,0.9343297101449275,0.06567028985507246
0.5,11,leader,0.5,0.9356884057971014,0.06431159420289854
0.5,11,lww,1.0,0.9171195652173914,0.08288043478260869
0.5,11,ranked_pairs,1.0,0.9171195652173914,0.08288043478260869
0.5,12,leader,0.5416666666666666,0.9682971014492754,0.03170289855072464
0.5,12,lww,1.0,0.9180253623188406,0.08197463768115942
0.5,12,ranked_pairs,1.0,0.9180253623188406,0.08197463768115942
0.5,13,leader,0.625,0.9451992753623188,0.05480072463768116
0.5,13,lww,1.0,0.926177536231884,0.07382246376811594
0.5,13,ranked_pairs,1.0,0.926177536231884,0.07382246376811594
0.5,14,leader,0.375,0.9832427536231884,0.016757246376811596
0.5,14,lww,1.0,0.9257246376811594,0.07427536231884058
0.5,14,ranked_pairs,1.0,0.9257246376811594,0.07427536231884058
